{
	"key": "xo-adaline",
	"bias": -0.6248140503876269,
	"values": [
		0.013035583272409052,
		-0.07919832483352762,
		-0.27256059807863464,
		-0.014271372536993183,
		0.06906925826508392,
		-0.0857252454203276,
		-0.10700384361345304,
		-0.18862349577492787,
		-0.08134574369712792,
		-0.0705899718797719,
		-0.2573253286513088,
		0.04590318830734257,
		0.1516267304493521,
		-0.026191170179355364,
		-0.12499260743541156,
		0.007515871460843849,
		-0.11468027163311939,
		-0.22533316882049786,
		-0.11264343312436786,
		-0.11309585001939271,
		0.05698007885325508,
		-0.09713834206422445,
		-0.3207863803840145,
		-0.02553900119399971,
		0.07611537410208873
	],
	"theta_or_stop_condition": 0.001,
	"learning_rate": 0.01,
	"total_epoches": 14,
	"training_data_size": 350,
	"test_data_size": 127,
	"success_rate": 0.9212598425196851
}