{
	"key": "xo-adaline",
	"bias": -0.6285197391823997,
	"values": [
		0.05616376285137579,
		-0.08250374051647766,
		-0.22134173783189484,
		-0.06091384485285741,
		0.09776794080087103,
		-0.016170380266446568,
		-0.09294234055080328,
		-0.16567812954299463,
		-0.091313848704833,
		-0.022877823506288097,
		-0.26917005543241096,
		0.04005317004333215,
		0.07722240288499935,
		0.05765340833057168,
		-0.20396828313394413,
		-0.015841075805703878,
		-0.0896444503025857,
		-0.2245711302696585,
		-0.1091785948593133,
		-0.0789499994290534,
		0.0859940770835683,
		-0.057918290283321454,
		-0.3046860914753355,
		-0.06110473028495846,
		0.047619976738102095
	],
	"theta": 0.0001,
	"learning_rate": 0.0001,
	"total_epoches": 953,
	"training_data_size": 477
}