{
	"key": "xo-adaline",
	"bias": -0.6107130250059964,
	"values": [
		0.06147649541051791,
		-0.06731566726954863,
		-0.25358343213065926,
		-0.04202705434663959,
		0.08656924811307457,
		-0.03267857424947387,
		-0.10129177347934204,
		-0.17492307502424323,
		-0.08126917483397592,
		-0.007951042909157815,
		-0.27155566331617487,
		0.048489620867676615,
		0.09826145966582475,
		0.05268628267884897,
		-0.19363961775118935,
		-0.0009312865779254356,
		-0.07196673511306423,
		-0.21234179274261852,
		-0.10418999986968094,
		-0.10169489701633608,
		0.08530462415505916,
		-0.06269763605873668,
		-0.28992439268884396,
		-0.04868761777452619,
		0.04258811329003421
	],
	"theta_or_stop_condition": 0.0001,
	"learning_rate": 0.00002,
	"total_epoches": 4103,
	"training_data_size": 400,
	"test_data_size": 77,
	"success_rate": 0.961038961038961
}