{
	"key": "xo-adaline",
	"bias": -0.688904023742551,
	"values": [
		0.04707251592368201,
		-0.04824021040086563,
		-0.2230890589606705,
		-0.018623005831814025,
		0.11721767616428468,
		-0.05422809959635102,
		-0.10843566364954181,
		-0.13290381626052591,
		-0.07054316215661849,
		0.01884714564769266,
		-0.3217321070960707,
		0.0253070157480164,
		0.05343703539989083,
		0.0520214415619765,
		-0.20612173842275122,
		0.008919978014422748,
		-0.08768458701885987,
		-0.20414960278674749,
		-0.08961689502281459,
		-0.10952392872553997,
		0.09705733105854054,
		-0.06572352835465377,
		-0.2910901014940086,
		-0.042305915066855514,
		0.022018487694712652
	],
	"theta_or_stop_condition": 0.001,
	"learning_rate": 0.01,
	"total_epoches": 21,
	"training_data_size": 400,
	"test_data_size": 77,
	"success_rate": 0.961038961038961
}