{
	"key": "xo-perceptron",
	"bias": -11.700000000000006,
	"values": [
		0.2999999999999999,
		-0.8999999999999999,
		-5.699999999999998,
		-3.2999999999999994,
		6.899999999999998,
		-2.6999999999999997,
		-3.8999999999999995,
		-5.699999999999998,
		-6.299999999999998,
		-0.8999999999999999,
		-8.099999999999998,
		7.499999999999998,
		7.499999999999998,
		7.499999999999997,
		-9.900000000000002,
		-1.5,
		-5.099999999999999,
		-6.299999999999998,
		-2.6999999999999997,
		-2.1000000000000005,
		4.499999999999999,
		-3.3,
		-4.499999999999999,
		-0.8999999999999999,
		1.5
	],
	"theta": 0.2,
	"learning_rate": 0.3,
	"total_epoches": 76,
	"training_data_size": 477
}