{
	"key": "xo-perceptron",
	"bias": -4.899999999999999,
	"values": [
		0.10000000000000003,
		-0.10000000000000003,
		-1.9000000000000004,
		-1.5000000000000002,
		2.3000000000000007,
		-1.3,
		-1.7000000000000002,
		-2.3000000000000007,
		-2.500000000000001,
		-0.5,
		-3.700000000000002,
		2.9000000000000012,
		3.3000000000000016,
		3.3000000000000016,
		-3.9000000000000017,
		-0.7,
		-2.500000000000001,
		-2.700000000000001,
		-1.0999999999999999,
		-1.7000000000000004,
		2.500000000000001,
		-1.5000000000000002,
		-2.3000000000000007,
		0.30000000000000004,
		0.30000000000000004
	],
	"theta_or_stop_condition": 0.5,
	"learning_rate": 0.1,
	"total_epoches": 95,
	"training_data_size": 400,
	"test_data_size": 77,
	"success_rate": 0.987012987012987
}